PRAGMA foreign_keys=OFF;
BEGIN TRANSACTION;
CREATE TABLE IF NOT EXISTS "_prisma_migrations" (
    "id"                    TEXT PRIMARY KEY NOT NULL,
    "checksum"              TEXT NOT NULL,
    "finished_at"           DATETIME,
    "migration_name"        TEXT NOT NULL,
    "logs"                  TEXT,
    "rolled_back_at"        DATETIME,
    "started_at"            DATETIME NOT NULL DEFAULT current_timestamp,
    "applied_steps_count"   INTEGER UNSIGNED NOT NULL DEFAULT 0
);
INSERT INTO _prisma_migrations VALUES('a5f39593-6037-4524-b158-d3e46ec8154c','432dc19c37d407750475a5ee877771a78cc26f35bd4df3c97e2e1ab73459cb74',1747731609955,'20250520090009_init',NULL,NULL,1747731609953,1);
INSERT INTO _prisma_migrations VALUES('2811271b-3be2-4dbe-9327-acbbb6bba93f','f84aa5c6267f08584ed6df4e308967f987ddd109f762863b0b1926f25bc8b361',1747734446273,'20250520094726_add_staff_extra_fields',NULL,NULL,1747734446268,1);
INSERT INTO _prisma_migrations VALUES('8fdc15fd-0cfd-4f51-a8b2-02d34f1043ec','f36951ec5cf12b558ec998bf5813b1684c865af8fb25c9e25da5903efb50882a',1747735287628,'20250520100127_add_project_extra_fields',NULL,NULL,1747735287627,1);
INSERT INTO _prisma_migrations VALUES('c4ea3a6f-7ab3-4961-9a03-02186d0dac26','7151fe10528eb0c9d1878015f1bf2a413104715c41056dafc0203a7e36ed4b30',1747747935827,'20250520133215_add_created_at_to_assignments',NULL,NULL,1747747935822,1);
CREATE TABLE IF NOT EXISTS "Staff" (
    "id" TEXT NOT NULL PRIMARY KEY,
    "name" TEXT NOT NULL,
    "department" TEXT,
    "role" TEXT
, "city" TEXT, "country" TEXT, "grade" TEXT, "skills" TEXT);
INSERT INTO Staff VALUES('d110edfe-bd70-4fb3-9aff-3dd523ee6372','Aisha Patel','Analytics',NULL,'Dubai','UAE','Associate','Python,SQL,Data Visualization,Statistical Analysis');
INSERT INTO Staff VALUES('cc60537f-00cf-4e7c-8224-2f9ffc84fba7','John Al-Saud','Forensic',NULL,'Riyadh','KSA','Senior Associate','Financial Investigation,Fraud Detection,Forensic Accounting');
INSERT INTO Staff VALUES('ed266210-d1cd-4b7d-85b1-c413351bde48','Rahul Haddad','Real Estate',NULL,'Amman','Jordan','Manager','Property Valuation,Market Analysis,Real Estate Finance');
INSERT INTO Staff VALUES('3ae5d84c-dd99-4aef-a603-5a189c3f788c','Fatima Dubois','Transaction Advisory',NULL,'Jeddah','KSA','Associate','Financial Modeling,Due Diligence,Risk Assessment');
INSERT INTO Staff VALUES('7c4e8230-2d3d-4665-9a38-6eeeaaec9222','Omar Khan','M&A',NULL,'Abu Dhabi','UAE','Director','Merger Integration,Deal Structuring,Negotiation');
INSERT INTO Staff VALUES('c0c58301-1f85-4c93-a07e-0316f5efb84e','Sofia Mendes','Analytics',NULL,'Dubai','UAE','Senior Associate','Machine Learning,R,Tableau,Big Data Analytics');
INSERT INTO Staff VALUES('b6ba687d-0724-4645-a456-8728ebacfb43','Youssef Sharma','Forensic',NULL,'Amman','Jordan','Partner','Anti-Money Laundering,Litigation Support,Data Forensics');
INSERT INTO Staff VALUES('39ff741b-7c4a-4749-a1e8-b8a837e8808d','Priya Al-Omar','Real Estate',NULL,'Riyadh','KSA','Associate','Urban Planning,GIS Mapping,Investment Analysis');
INSERT INTO Staff VALUES('6eb9716b-ee5e-4c6a-8624-bb40961dc8e7','Michael Torres','Transaction Advisory',NULL,'Dammam','KSA','Manager','Valuation,Contract Negotiation,Financial Analysis');
INSERT INTO Staff VALUES('0f14c09f-3bec-405e-98de-c90e546fa6e4','Layla Singh','M&A',NULL,'Dubai','UAE','Senior Associate','Cross-Border Transactions,Private Equity,Strategic Planning');
INSERT INTO Staff VALUES('1efa6cb7-d248-4af5-8ed7-c0feb0b1ef72','Ahmed Kowalski','Analytics',NULL,'Amman','Jordan','Associate','Power BI,SQL,Predictive Modeling');
INSERT INTO Staff VALUES('4c9fdae2-aa1d-498b-89b1-05ca80b022b3','Anjali Ferreira','Forensic',NULL,'Sharjah','UAE','Director','Compliance Auditing,Forensic Data Analysis,Regulatory Reporting');
INSERT INTO Staff VALUES('d5fb09f3-a0b6-4646-9f96-e93f8ac6c2c0','Ibrahim Jensen','Real Estate',NULL,'Mecca','KSA','Senior Associate','Real Estate Development,Feasibility Studies,Property Management');
INSERT INTO Staff VALUES('a91b5570-fe2f-4380-ba71-248e3d5ef2eb','Clara Al-Nasser','Transaction Advisory',NULL,'Al Ain','UAE','Manager','Project Finance,Risk Management,Financial Structuring');
INSERT INTO Staff VALUES('c3793d8f-6614-4ea0-9619-265bbcd93440','Zainab Gupta','M&A',NULL,'Dubai','UAE','Associate','Investment Banking,Financial Modeling,Deal Sourcing');
INSERT INTO Staff VALUES('a69b8ab1-cf2a-4878-9570-90e72d9ac6e4','Tarek Novak','Analytics',NULL,'Amman','Jordan','Partner','Data Science,Cloud Computing,Python,Business Intelligence');
INSERT INTO Staff VALUES('e368c233-ed5c-4c0a-9c8a-92337b909f53','Maria Al-Subaie','Forensic',NULL,'Riyadh','KSA','Senior Associate','Fraud Risk Assessment,Digital Forensics,Internal Controls');
INSERT INTO Staff VALUES('56c60632-4288-4c29-80cb-059a7aeb58b3','Vikram Saleh','Real Estate',NULL,'Jeddah','KSA','Associate','Commercial Leasing,Real Estate Law,Market Research');
INSERT INTO Staff VALUES('a82325d6-6bac-4bfb-a049-4e2480237f96','Noura Kim','Transaction Advisory',NULL,'Abu Dhabi','UAE','Manager','Corporate Finance,Due Diligence,Stakeholder Management');
INSERT INTO Staff VALUES('1c15f3f5-398c-46de-ad73-46e953632025','Faisal Müller','M&A',NULL,'Dubai','UAE','Director','Valuation Modeling,Acquisition Strategy,Post-Merger Integration');
INSERT INTO Staff VALUES('2d781eee-ee51-4e85-b2c4-367613b20958','Amal Rossi','Analytics',NULL,'Amman','Jordan','Associate','SAS,Data Mining,Statistical Modeling');
INSERT INTO Staff VALUES('f5580b10-6b42-45ee-b33e-c25d8a0800a4','Khaled Yamamoto','Forensic',NULL,'Medina','KSA','Senior Associate','Investigative Accounting,Litigation Consulting,Data Analysis');
INSERT INTO Staff VALUES('17d5196a-8698-4273-9af4-02d6380ba5e8','Lina Chopra','Real Estate',NULL,'Dubai','UAE','Manager','Property Investment,Portfolio Management,Real Estate Analytics');
INSERT INTO Staff VALUES('c414b22b-1b95-4b66-b793-a73e18a86f1c','Hassan Dubois','Transaction Advisory',NULL,'Riyadh','KSA','Associate','Financial Reporting,Risk Analysis,Transaction Support');
INSERT INTO Staff VALUES('20aa8f4a-4589-4f09-8cc9-92f0ca008f7f','Sarah Al-Bader','M&A',NULL,'Abu Dhabi','UAE','Partner','Deal Advisory,Strategic Alliances,Capital Markets');
INSERT INTO Staff VALUES('69a61fc9-e74c-40d2-aa21-55053ac5880c','Ravi Al-Qahtani','Analytics',NULL,'Dammam','KSA','Senior Associate','Python,SQL,Data Engineering,ETL Processes');
INSERT INTO Staff VALUES('c6f5e92a-cec7-4d6b-b08e-af5092a5020d','Dina Costa','Forensic',NULL,'Amman','Jordan','Associate','Regulatory Compliance,Fraud Investigation,Audit Procedures');
INSERT INTO Staff VALUES('d2ea3a1f-bf5b-4a86-93e7-52dca3f6b6b1','Saud Eriksson','Real Estate',NULL,'Jeddah','KSA','Manager','Real Estate Appraisal,Market Forecasting,Investment Strategy');
INSERT INTO Staff VALUES('0d97d3e3-0f65-49a3-84af-4c8527da75cf','Eman Tanaka','Transaction Advisory',NULL,'Dubai','UAE','Director','Financial Due Diligence,Business Valuation,Risk Mitigation');
INSERT INTO Staff VALUES('1156bff1-01ee-49cd-bb99-6d1ce46257dc','Bilal Nair','M&A',NULL,'Sharjah','UAE','Associate','Financial Analysis,Deal Execution,Investment Strategy');
INSERT INTO Staff VALUES('b6279dbb-e683-4a07-b867-9a358d831485','Nada Petrova','Analytics',NULL,'Riyadh','KSA','Senior Associate','Machine Learning,Data Visualization,Power BI,Python');
INSERT INTO Staff VALUES('dbf0d433-3313-4c2a-a2dc-a80522f5b76f','Waleed Santos','Forensic',NULL,'Amman','Jordan','Partner','Forensic Accounting,Dispute Resolution,Compliance Monitoring');
INSERT INTO Staff VALUES('17f7007d-3821-4e05-919e-77f824c363b4','Shaima Kumar','Real Estate',NULL,'Abu Dhabi','UAE','Associate','Property Development,Market Analysis,Real Estate Finance');
INSERT INTO Staff VALUES('c9dee67e-377b-41de-a7d6-28e029a7bd3e','Ibrahim Olsen','Transaction Advisory',NULL,'Dubai','UAE','Manager','Transaction Structuring,Financial Modeling,Risk Assessment');
INSERT INTO Staff VALUES('2f8dec80-6383-4847-bfb9-3db2a888c7d3','Asma Khan','M&A',NULL,'Al Ain','UAE','Senior Associate','Merger Strategy,Due Diligence,Financial Structuring');
INSERT INTO Staff VALUES('358be1ea-63a1-47f4-8eb1-cef0eff721df','Tariq Almeida','Analytics',NULL,'Riyadh','KSA','Associate','SQL,Tableau,Data Warehousing');
INSERT INTO Staff VALUES('ce9c437a-c4ab-4ad1-9276-622508ab6719','Huda Leclerc','Forensic',NULL,'Jeddah','KSA','Director','Digital Forensics,Fraud Detection,Litigation Support');
INSERT INTO Staff VALUES('4ce46b93-d868-4145-82ed-819b1752d19b','Salem Rao','Real Estate',NULL,'Mecca','KSA','Associate','Urban Development,Property Valuation,Market Analysis');
INSERT INTO Staff VALUES('f65ce6d1-c319-4682-8fb5-f8534d039c9d','Rana Weber','Transaction Advisory',NULL,'Amman','Jordan','Manager','Corporate Finance,Risk Management,Transaction Advisory');
INSERT INTO Staff VALUES('4e82790f-f1f1-4f71-973c-253b6a384fcb','Mansoor Park','M&A',NULL,'Dubai','UAE','Senior Associate','Private Equity,Deal Negotiation,Financial Analysis');
INSERT INTO Staff VALUES('642d46eb-f4c6-40d0-bd27-b257e7f511fb','Lama Devi','Analytics',NULL,'Sharjah','UAE','Associate','Python,R,Statistical Analysis,Data Visualization');
INSERT INTO Staff VALUES('d9cef3e9-d460-4144-a7e3-f46e7c7b6bfc','Adel Fischer','Forensic',NULL,'Riyadh','KSA','Partner','Anti-Fraud Strategies,Compliance Auditing,Forensic Analysis');
INSERT INTO Staff VALUES('3cfb67fe-cb4d-4944-8ed0-f805b8c711b1','Maha Cohen','Real Estate',NULL,'Abu Dhabi','UAE','Associate','Real Estate Investment,Portfolio Analysis,Market Trends');
INSERT INTO Staff VALUES('2ed18fa5-0af0-4aa1-99b9-cb77f467dc35','Qais Mahmoud','Transaction Advisory',NULL,'Amman','Jordan','Manager','Financial Structuring,Due Diligence,Valuation');
INSERT INTO Staff VALUES('d85015f8-9cdd-47fa-abd6-b54e3b8ba4db','Safa Nguyen','M&A',NULL,'Dammam','KSA','Senior Associate','Acquisition Analysis,Deal Structuring,Financial Modeling');
INSERT INTO Staff VALUES('00a92af2-64ac-4372-a909-e4caa32db028','Jawad Silva','Analytics',NULL,'Dubai','UAE','Associate','Data Science,Machine Learning,SQL,Power BI');
INSERT INTO Staff VALUES('8e83d9c3-79e9-48cd-8b8a-8f2dc88b2137','Rawan Kapoor','Forensic',NULL,'Jeddah','KSA','Director','Fraud Investigation,Regulatory Compliance,Data Forensics');
INSERT INTO Staff VALUES('4d57584d-f8ac-4ec9-b8bd-9da33dafe442','Hamza Braun','Real Estate',NULL,'Riyadh','KSA','Associate','Property Management,Real Estate Finance,Market Analysis');
INSERT INTO Staff VALUES('ff23c8b5-e691-4889-b15e-69e35c0a04ef','Alya Ivanov','Transaction Advisory',NULL,'Abu Dhabi','UAE','Manager','Risk Assessment,Financial Analysis,Transaction Support');
INSERT INTO Staff VALUES('fb2006d7-00a5-43f0-985c-5f752e767427','Saif Abdullah','M&A',NULL,'Dubai','UAE','Partner','Strategic Acquisitions,Deal Advisory,Capital Raising');
CREATE TABLE IF NOT EXISTS "Project" (
    "id" TEXT NOT NULL PRIMARY KEY,
    "name" TEXT NOT NULL,
    "description" TEXT
, "budget" REAL, "partnerName" TEXT, "teamLead" TEXT);
INSERT INTO Project VALUES('2b903f4c-7edf-4c99-9bb2-dfda0424d122','Horizon',NULL,145000.0,'Tarek Novak','Rahul Haddad');
INSERT INTO Project VALUES('e801cf5e-270e-4034-ba80-0dd56d9f6930','Nebula',NULL,171999.99999999999289,'Sarah Al-Bader','Omar Khan');
INSERT INTO Project VALUES('707bb622-f04d-4f75-81fc-37fe398dd414','Crimson',NULL,128000.00000000000355,'Waleed Santos','Anjali Ferreira');
INSERT INTO Project VALUES('eb831d6b-d8bc-4741-851e-c7e23c8e4e1c','Vanguard',NULL,190000.0,'Adel Fischer','Clara Al-Nasser');
INSERT INTO Project VALUES('066a16f9-0eed-49df-abf4-11c5313ff087','Eclipse',NULL,162999.99999999998934,'Saif Abdullah','Noura Kim');
INSERT INTO Project VALUES('f7e109fc-e110-4ba6-a083-09bc0bc30e18','Tempest',NULL,112000.00000000001065,'Youssef Sharma','Faisal Müller');
INSERT INTO Project VALUES('1f9216d5-cf7e-41bb-b4e1-f1a4d12f6c2a','Aurora',NULL,155000.0,'Tarek Novak','Lina Chopra');
INSERT INTO Project VALUES('b7be1ad4-63d2-4e3b-9edb-09fc92c7377a','Merrin',NULL,137000.00000000001065,'Sarah Al-Bader','Saud Eriksson');
INSERT INTO Project VALUES('9a12bcba-1ca9-4fbf-8b73-7b7162ded4d4','Batman',NULL,180000.0,'Waleed Santos','Eman Tanaka');
INSERT INTO Project VALUES('1d7d47cc-9a57-4a03-acc2-b81201f8505e','Zephyr',NULL,123999.99999999999911,'Adel Fischer','Rana Weber');
INSERT INTO Project VALUES('4b1889d9-eb66-49cb-ab75-5a7cd36ab793','Catalyst',NULL,167999.99999999998934,'Saif Abdullah','Ibrahim Olsen');
INSERT INTO Project VALUES('e3b5bb6b-85c9-4cd8-b097-4fe60cf43f50','Drift',NULL,149000.00000000000355,'Tarek Novak','Qais Mahmoud');
INSERT INTO Project VALUES('67923565-5c6e-43fa-aab5-95a3113e851b','Sentry',NULL,175000.0,'Youssef Sharma','Huda Leclerc');
INSERT INTO Project VALUES('c9b80b1a-30c3-4bb1-be97-bfc6295fd2f3','Raven',NULL,132000.00000000000621,'Sarah Al-Bader','Alya Ivanov');
INSERT INTO Project VALUES('bbb3db63-27d7-484e-a62b-ef1739daacbb','Titan',NULL,158000.0000000000071,'Adel Fischer','Michael Torres');
CREATE TABLE IF NOT EXISTS "Assignment" (
    "id" TEXT NOT NULL PRIMARY KEY,
    "staffId" TEXT NOT NULL,
    "projectId" TEXT NOT NULL,
    "date" DATETIME NOT NULL,
    "hours" INTEGER NOT NULL,
    "createdAt" DATETIME NOT NULL DEFAULT CURRENT_TIMESTAMP,
    CONSTRAINT "Assignment_staffId_fkey" FOREIGN KEY ("staffId") REFERENCES "Staff" ("id") ON DELETE RESTRICT ON UPDATE CASCADE,
    CONSTRAINT "Assignment_projectId_fkey" FOREIGN KEY ("projectId") REFERENCES "Project" ("id") ON DELETE RESTRICT ON UPDATE CASCADE
);
INSERT INTO Assignment VALUES('480fa44a-bdc6-486d-92b4-4f1fc1c54321','1efa6cb7-d248-4af5-8ed7-c0feb0b1ef72','f7e109fc-e110-4ba6-a083-09bc0bc30e18',1747872000000,1,'2025-05-20 13:32:15');
INSERT INTO Assignment VALUES('234ae237-1dde-45bc-b21c-07432a05765e','1efa6cb7-d248-4af5-8ed7-c0feb0b1ef72','2b903f4c-7edf-4c99-9bb2-dfda0424d122',1747872000000,5,'2025-05-20 13:32:15');
INSERT INTO Assignment VALUES('d503d6a1-6d4a-4b7e-83e4-667e66e2a8fb','1efa6cb7-d248-4af5-8ed7-c0feb0b1ef72','4b1889d9-eb66-49cb-ab75-5a7cd36ab793',1747958400000,5,'2025-05-20 13:32:15');
INSERT INTO Assignment VALUES('2fabfaf5-b320-4dd7-9a6f-5704eac6db31','1efa6cb7-d248-4af5-8ed7-c0feb0b1ef72','707bb622-f04d-4f75-81fc-37fe398dd414',1747958400000,2,'2025-05-20 13:32:15');
INSERT INTO Assignment VALUES('bfeed045-cf87-4abc-bd8c-a252c368f7e0','d110edfe-bd70-4fb3-9aff-3dd523ee6372','2b903f4c-7edf-4c99-9bb2-dfda0424d122',1747612800000,8,'2025-05-20 13:32:15');
INSERT INTO Assignment VALUES('8f0175d4-abb4-42d2-9aa5-d1daae3a6769','d110edfe-bd70-4fb3-9aff-3dd523ee6372','2b903f4c-7edf-4c99-9bb2-dfda0424d122',1747699200000,8,'2025-05-20 13:32:15');
INSERT INTO Assignment VALUES('0ac3de92-5cf1-451f-ae77-5f9a54bda3f2','d110edfe-bd70-4fb3-9aff-3dd523ee6372','2b903f4c-7edf-4c99-9bb2-dfda0424d122',1747958400000,8,'2025-05-20 13:32:15');
INSERT INTO Assignment VALUES('72a6228d-6893-4a3f-99e7-7b4b8cb7d916','d110edfe-bd70-4fb3-9aff-3dd523ee6372','2b903f4c-7edf-4c99-9bb2-dfda0424d122',1747872000000,8,'2025-05-20 13:32:15');
INSERT INTO Assignment VALUES('95b2bbaf-9e35-493c-8b68-22ab3d49c619','d110edfe-bd70-4fb3-9aff-3dd523ee6372','2b903f4c-7edf-4c99-9bb2-dfda0424d122',1747785600000,8,'2025-05-20 13:32:15');
INSERT INTO Assignment VALUES('a62310cd-7513-4c92-9146-8e6b8671028e','4c9fdae2-aa1d-498b-89b1-05ca80b022b3','1d7d47cc-9a57-4a03-acc2-b81201f8505e',1747612800000,8,'2025-05-20 13:32:15');
INSERT INTO Assignment VALUES('fb21c83b-5e91-49fb-b327-93c10195cd06','4c9fdae2-aa1d-498b-89b1-05ca80b022b3','1d7d47cc-9a57-4a03-acc2-b81201f8505e',1747699200000,8,'2025-05-20 13:32:15');
INSERT INTO Assignment VALUES('cf1ff9fb-fd0a-4502-a274-2420bdcf1066','4c9fdae2-aa1d-498b-89b1-05ca80b022b3','1d7d47cc-9a57-4a03-acc2-b81201f8505e',1747785600000,8,'2025-05-20 13:32:15');
INSERT INTO Assignment VALUES('11629aab-1fa7-4f2c-8745-0b545567e9f0','4c9fdae2-aa1d-498b-89b1-05ca80b022b3','1d7d47cc-9a57-4a03-acc2-b81201f8505e',1747872000000,8,'2025-05-20 13:32:15');
INSERT INTO Assignment VALUES('50c28b85-43a6-416f-97c7-a5793f5cc0ed','4c9fdae2-aa1d-498b-89b1-05ca80b022b3','1d7d47cc-9a57-4a03-acc2-b81201f8505e',1747958400000,8,'2025-05-20 13:32:15');
INSERT INTO Assignment VALUES('7f78a959-0c52-4681-a89e-a88077a8972c','4c9fdae2-aa1d-498b-89b1-05ca80b022b3','1d7d47cc-9a57-4a03-acc2-b81201f8505e',1748217600000,8,'2025-05-20 13:32:15');
INSERT INTO Assignment VALUES('46518153-8b15-4935-9ce2-57910038411d','4c9fdae2-aa1d-498b-89b1-05ca80b022b3','1d7d47cc-9a57-4a03-acc2-b81201f8505e',1748304000000,8,'2025-05-20 13:32:15');
INSERT INTO Assignment VALUES('e0dd930f-ce4f-4707-bbad-e09317ddbdee','4c9fdae2-aa1d-498b-89b1-05ca80b022b3','1d7d47cc-9a57-4a03-acc2-b81201f8505e',1748390400000,8,'2025-05-20 13:32:15');
INSERT INTO Assignment VALUES('25ea5183-6b8c-4b4d-91c1-d5b3edf08448','4c9fdae2-aa1d-498b-89b1-05ca80b022b3','1d7d47cc-9a57-4a03-acc2-b81201f8505e',1748476800000,6,'2025-05-20 13:32:15');
INSERT INTO Assignment VALUES('197ea419-acff-48b2-b700-96a37febe132','d5fb09f3-a0b6-4646-9f96-e93f8ac6c2c0','1d7d47cc-9a57-4a03-acc2-b81201f8505e',1747612800000,8,'2025-05-20 13:32:15');
INSERT INTO Assignment VALUES('bed342f2-e209-40b9-948b-1ba195d05f4a','d5fb09f3-a0b6-4646-9f96-e93f8ac6c2c0','1d7d47cc-9a57-4a03-acc2-b81201f8505e',1747699200000,8,'2025-05-20 13:32:15');
INSERT INTO Assignment VALUES('8bbc44b7-d831-4588-9c1f-fc3f474bd77b','d5fb09f3-a0b6-4646-9f96-e93f8ac6c2c0','1d7d47cc-9a57-4a03-acc2-b81201f8505e',1747785600000,8,'2025-05-20 13:32:15');
INSERT INTO Assignment VALUES('f3f5aedc-9b14-4b41-a50f-52624fec45d9','d5fb09f3-a0b6-4646-9f96-e93f8ac6c2c0','1d7d47cc-9a57-4a03-acc2-b81201f8505e',1747958400000,8,'2025-05-20 13:32:15');
INSERT INTO Assignment VALUES('07275745-fad5-4767-8200-53c81558ba50','d5fb09f3-a0b6-4646-9f96-e93f8ac6c2c0','1d7d47cc-9a57-4a03-acc2-b81201f8505e',1747872000000,8,'2025-05-20 13:32:15');
INSERT INTO Assignment VALUES('c5cd23fa-38a8-4815-a0ca-c578891d358b','a91b5570-fe2f-4380-ba71-248e3d5ef2eb','1d7d47cc-9a57-4a03-acc2-b81201f8505e',1747612800000,8,'2025-05-20 13:32:15');
INSERT INTO Assignment VALUES('00df6472-ea77-4d1a-bb08-7868c1341ef6','a91b5570-fe2f-4380-ba71-248e3d5ef2eb','1d7d47cc-9a57-4a03-acc2-b81201f8505e',1747785600000,8,'2025-05-20 13:32:15');
INSERT INTO Assignment VALUES('dbbe9329-494a-488b-9095-e8a0563a6e65','a91b5570-fe2f-4380-ba71-248e3d5ef2eb','1d7d47cc-9a57-4a03-acc2-b81201f8505e',1747699200000,8,'2025-05-20 13:32:15');
INSERT INTO Assignment VALUES('edfc547e-de23-482e-894d-2706df7a4e3f','a91b5570-fe2f-4380-ba71-248e3d5ef2eb','1d7d47cc-9a57-4a03-acc2-b81201f8505e',1747872000000,8,'2025-05-20 13:32:15');
INSERT INTO Assignment VALUES('6f3a2cfd-3bf4-4ba5-9882-f8d709bba5cd','a91b5570-fe2f-4380-ba71-248e3d5ef2eb','1d7d47cc-9a57-4a03-acc2-b81201f8505e',1748217600000,8,'2025-05-20 13:32:15');
INSERT INTO Assignment VALUES('d63059ed-f075-4758-8def-2abebea17487','a91b5570-fe2f-4380-ba71-248e3d5ef2eb','1d7d47cc-9a57-4a03-acc2-b81201f8505e',1747958400000,8,'2025-05-20 13:32:15');
INSERT INTO Assignment VALUES('b5e0f388-21bc-4852-b0dd-511aa1fcad3e','a91b5570-fe2f-4380-ba71-248e3d5ef2eb','1d7d47cc-9a57-4a03-acc2-b81201f8505e',1748304000000,2,'2025-05-20 13:32:15');
INSERT INTO Assignment VALUES('2005dc6e-0f6b-4550-bc3c-90d20ce707cb','c3793d8f-6614-4ea0-9619-265bbcd93440','1d7d47cc-9a57-4a03-acc2-b81201f8505e',1747612800000,8,'2025-05-20 13:32:15');
INSERT INTO Assignment VALUES('28578415-1562-43e1-bb28-ecb32f740fd4','c3793d8f-6614-4ea0-9619-265bbcd93440','1d7d47cc-9a57-4a03-acc2-b81201f8505e',1747699200000,2,'2025-05-20 13:32:15');
INSERT INTO Assignment VALUES('fb87ffa3-f7a5-46a3-865d-41dc700b0f3d','a69b8ab1-cf2a-4878-9570-90e72d9ac6e4','1d7d47cc-9a57-4a03-acc2-b81201f8505e',1747612800000,8,'2025-05-20 13:32:15');
INSERT INTO Assignment VALUES('16b8082a-88df-455c-8731-e2ec923d6669','a69b8ab1-cf2a-4878-9570-90e72d9ac6e4','1d7d47cc-9a57-4a03-acc2-b81201f8505e',1747699200000,8,'2025-05-20 13:32:15');
INSERT INTO Assignment VALUES('e197a250-9be3-4d1d-b73a-52ac38182791','a69b8ab1-cf2a-4878-9570-90e72d9ac6e4','1d7d47cc-9a57-4a03-acc2-b81201f8505e',1747785600000,8,'2025-05-20 13:32:15');
INSERT INTO Assignment VALUES('f9613356-53c0-42ce-9e9c-343862ed4c35','a69b8ab1-cf2a-4878-9570-90e72d9ac6e4','1d7d47cc-9a57-4a03-acc2-b81201f8505e',1747958400000,8,'2025-05-20 13:32:15');
INSERT INTO Assignment VALUES('672b0c5d-f3b3-41c5-9383-aa9ccc4f7852','a69b8ab1-cf2a-4878-9570-90e72d9ac6e4','1d7d47cc-9a57-4a03-acc2-b81201f8505e',1748217600000,8,'2025-05-20 13:32:15');
INSERT INTO Assignment VALUES('f8ba7fc1-fdf5-4683-9b6d-5a513d0c9225','a69b8ab1-cf2a-4878-9570-90e72d9ac6e4','1d7d47cc-9a57-4a03-acc2-b81201f8505e',1747872000000,8,'2025-05-20 13:32:15');
INSERT INTO Assignment VALUES('076b836f-4999-495a-91ad-0e7f5c0b29ad','a69b8ab1-cf2a-4878-9570-90e72d9ac6e4','1d7d47cc-9a57-4a03-acc2-b81201f8505e',1748304000000,8,'2025-05-20 13:32:15');
INSERT INTO Assignment VALUES('058a9ffc-34c9-41a9-a545-4ca36d2d2332','a69b8ab1-cf2a-4878-9570-90e72d9ac6e4','1d7d47cc-9a57-4a03-acc2-b81201f8505e',1748390400000,8,'2025-05-20 13:32:15');
INSERT INTO Assignment VALUES('0efc9138-7cdb-492c-a548-0d5b38c37dcd','a69b8ab1-cf2a-4878-9570-90e72d9ac6e4','1d7d47cc-9a57-4a03-acc2-b81201f8505e',1748476800000,6,'2025-05-20 13:32:15');
INSERT INTO Assignment VALUES('97819a95-62cd-42ed-a7fa-3a40df211236','e368c233-ed5c-4c0a-9c8a-92337b909f53','1d7d47cc-9a57-4a03-acc2-b81201f8505e',1747612800000,8,'2025-05-20 13:32:15');
INSERT INTO Assignment VALUES('50f932c4-423a-4166-8b2f-a4c358f587b2','e368c233-ed5c-4c0a-9c8a-92337b909f53','1d7d47cc-9a57-4a03-acc2-b81201f8505e',1747699200000,8,'2025-05-20 13:32:15');
INSERT INTO Assignment VALUES('130a3efa-bc3d-4295-9ee0-a11521451673','e368c233-ed5c-4c0a-9c8a-92337b909f53','1d7d47cc-9a57-4a03-acc2-b81201f8505e',1747785600000,8,'2025-05-20 13:32:15');
INSERT INTO Assignment VALUES('6d39cc9a-7369-4220-9246-245fbcf985e9','e368c233-ed5c-4c0a-9c8a-92337b909f53','1d7d47cc-9a57-4a03-acc2-b81201f8505e',1748217600000,8,'2025-05-20 13:32:15');
INSERT INTO Assignment VALUES('fb41d0bc-6a55-4e1d-8e8f-9e48188886f1','e368c233-ed5c-4c0a-9c8a-92337b909f53','1d7d47cc-9a57-4a03-acc2-b81201f8505e',1748304000000,7,'2025-05-20 13:32:15');
INSERT INTO Assignment VALUES('09d612ff-b049-48be-b6d5-4c2d98fd893f','56c60632-4288-4c29-80cb-059a7aeb58b3','1d7d47cc-9a57-4a03-acc2-b81201f8505e',1747699200000,8,'2025-05-20 13:32:15');
INSERT INTO Assignment VALUES('8879dd81-7af0-40d6-825d-a86243e13852','56c60632-4288-4c29-80cb-059a7aeb58b3','1d7d47cc-9a57-4a03-acc2-b81201f8505e',1747785600000,8,'2025-05-20 13:32:15');
INSERT INTO Assignment VALUES('2695b4cb-e201-41bd-91f4-e71a6a0de60c','56c60632-4288-4c29-80cb-059a7aeb58b3','1d7d47cc-9a57-4a03-acc2-b81201f8505e',1747872000000,8,'2025-05-20 13:32:15');
INSERT INTO Assignment VALUES('ad537e8e-4fcf-46c6-b393-2d3a90e7b685','56c60632-4288-4c29-80cb-059a7aeb58b3','1d7d47cc-9a57-4a03-acc2-b81201f8505e',1747958400000,8,'2025-05-20 13:32:15');
INSERT INTO Assignment VALUES('955f836d-867f-4f55-a4a3-02d574febc2b','56c60632-4288-4c29-80cb-059a7aeb58b3','1d7d47cc-9a57-4a03-acc2-b81201f8505e',1748304000000,8,'2025-05-20 13:32:15');
INSERT INTO Assignment VALUES('7064647a-ef94-42e4-b883-2ac72d2b16db','56c60632-4288-4c29-80cb-059a7aeb58b3','1d7d47cc-9a57-4a03-acc2-b81201f8505e',1747612800000,8,'2025-05-20 13:32:15');
INSERT INTO Assignment VALUES('99b02cd4-fd33-4ca5-bb34-23e8d186a2e1','56c60632-4288-4c29-80cb-059a7aeb58b3','1d7d47cc-9a57-4a03-acc2-b81201f8505e',1748217600000,8,'2025-05-20 13:32:15');
INSERT INTO Assignment VALUES('14b6a251-3658-4162-a187-48d94c4081a0','56c60632-4288-4c29-80cb-059a7aeb58b3','1d7d47cc-9a57-4a03-acc2-b81201f8505e',1748390400000,8,'2025-05-20 13:32:15');
INSERT INTO Assignment VALUES('47656fd3-f383-4e3e-88a2-25410e219c96','56c60632-4288-4c29-80cb-059a7aeb58b3','1d7d47cc-9a57-4a03-acc2-b81201f8505e',1748476800000,1,'2025-05-20 13:32:15');
INSERT INTO Assignment VALUES('1db35c98-b78f-4405-98e0-127edf62fb0d','a82325d6-6bac-4bfb-a049-4e2480237f96','1d7d47cc-9a57-4a03-acc2-b81201f8505e',1747612800000,8,'2025-05-20 13:32:15');
INSERT INTO Assignment VALUES('0c90b251-d776-4453-8215-2a9646a725a7','e368c233-ed5c-4c0a-9c8a-92337b909f53','1d7d47cc-9a57-4a03-acc2-b81201f8505e',1747958400000,8,'2025-05-20 13:32:15');
INSERT INTO Assignment VALUES('7b7c071c-0a44-4c61-bc70-0b069cd7b15b','a82325d6-6bac-4bfb-a049-4e2480237f96','1d7d47cc-9a57-4a03-acc2-b81201f8505e',1747872000000,8,'2025-05-20 13:32:15');
INSERT INTO Assignment VALUES('69462774-c0f6-4e6d-8ae1-cea6aacd2092','a82325d6-6bac-4bfb-a049-4e2480237f96','1d7d47cc-9a57-4a03-acc2-b81201f8505e',1747958400000,8,'2025-05-20 13:32:15');
INSERT INTO Assignment VALUES('155cae4b-b6d2-4876-b2ce-3ebb9aaf5436','a82325d6-6bac-4bfb-a049-4e2480237f96','1d7d47cc-9a57-4a03-acc2-b81201f8505e',1748217600000,8,'2025-05-20 13:32:15');
INSERT INTO Assignment VALUES('b083e110-4b5e-4890-86f8-050fc066d49b','a82325d6-6bac-4bfb-a049-4e2480237f96','1d7d47cc-9a57-4a03-acc2-b81201f8505e',1748304000000,2,'2025-05-20 13:32:15');
INSERT INTO Assignment VALUES('be16d011-00db-4f0d-a8cc-d3842e19218d','1c15f3f5-398c-46de-ad73-46e953632025','1d7d47cc-9a57-4a03-acc2-b81201f8505e',1747612800000,8,'2025-05-20 13:32:15');
INSERT INTO Assignment VALUES('0e70ae36-90b1-4bc9-be99-d8e2034d5d63','a82325d6-6bac-4bfb-a049-4e2480237f96','1d7d47cc-9a57-4a03-acc2-b81201f8505e',1747785600000,8,'2025-05-20 13:32:15');
INSERT INTO Assignment VALUES('e51af958-51a9-4df8-b209-98255bbd90aa','1c15f3f5-398c-46de-ad73-46e953632025','1d7d47cc-9a57-4a03-acc2-b81201f8505e',1747699200000,8,'2025-05-20 13:32:15');
INSERT INTO Assignment VALUES('8da2538a-3046-4eb5-8b41-25aa0ad49728','1c15f3f5-398c-46de-ad73-46e953632025','1d7d47cc-9a57-4a03-acc2-b81201f8505e',1747785600000,8,'2025-05-20 13:32:15');
INSERT INTO Assignment VALUES('3f60b369-98dd-45e6-8db7-b8fa9a892944','1c15f3f5-398c-46de-ad73-46e953632025','1d7d47cc-9a57-4a03-acc2-b81201f8505e',1747872000000,8,'2025-05-20 13:32:15');
INSERT INTO Assignment VALUES('f29c5acd-3d2a-4509-a0d2-91da07eb909f','1c15f3f5-398c-46de-ad73-46e953632025','1d7d47cc-9a57-4a03-acc2-b81201f8505e',1747958400000,8,'2025-05-20 13:32:15');
INSERT INTO Assignment VALUES('de59ee4f-84f9-4095-a26e-7498d043c9cb','1c15f3f5-398c-46de-ad73-46e953632025','1d7d47cc-9a57-4a03-acc2-b81201f8505e',1748217600000,8,'2025-05-20 13:32:15');
INSERT INTO Assignment VALUES('bd65a1fd-d26c-4b92-b9f8-61c05e1f8231','1c15f3f5-398c-46de-ad73-46e953632025','1d7d47cc-9a57-4a03-acc2-b81201f8505e',1748304000000,8,'2025-05-20 13:32:15');
INSERT INTO Assignment VALUES('774abd46-77de-4999-8d43-98512e22933c','a82325d6-6bac-4bfb-a049-4e2480237f96','1d7d47cc-9a57-4a03-acc2-b81201f8505e',1747699200000,8,'2025-05-20 13:32:15');
INSERT INTO Assignment VALUES('efaa05fa-1dd9-4d48-9d90-03e19ccb2525','2d781eee-ee51-4e85-b2c4-367613b20958','1d7d47cc-9a57-4a03-acc2-b81201f8505e',1747612800000,8,'2025-05-20 13:32:15');
INSERT INTO Assignment VALUES('eec0d02e-937e-4201-8374-7144045b775b','2d781eee-ee51-4e85-b2c4-367613b20958','1d7d47cc-9a57-4a03-acc2-b81201f8505e',1747699200000,8,'2025-05-20 13:32:15');
INSERT INTO Assignment VALUES('14eb97cc-afa0-4ee1-a6db-ac48ed6865cc','1c15f3f5-398c-46de-ad73-46e953632025','1d7d47cc-9a57-4a03-acc2-b81201f8505e',1748476800000,6,'2025-05-20 13:32:15');
INSERT INTO Assignment VALUES('c55e0414-9a75-4276-a63d-e5c3856c2712','2d781eee-ee51-4e85-b2c4-367613b20958','1d7d47cc-9a57-4a03-acc2-b81201f8505e',1747872000000,8,'2025-05-20 13:32:15');
INSERT INTO Assignment VALUES('418d05ff-5095-44a4-a511-bb079a72753a','1c15f3f5-398c-46de-ad73-46e953632025','1d7d47cc-9a57-4a03-acc2-b81201f8505e',1748390400000,8,'2025-05-20 13:32:15');
INSERT INTO Assignment VALUES('4fc4cf6e-7522-4bef-a024-31ef5c83325f','2d781eee-ee51-4e85-b2c4-367613b20958','1d7d47cc-9a57-4a03-acc2-b81201f8505e',1747785600000,8,'2025-05-20 13:32:15');
INSERT INTO Assignment VALUES('a93ac03c-7f4e-45ef-b946-3f699675c6ff','2d781eee-ee51-4e85-b2c4-367613b20958','1d7d47cc-9a57-4a03-acc2-b81201f8505e',1747958400000,8,'2025-05-20 13:32:15');
INSERT INTO Assignment VALUES('ebb20e30-09bb-4fad-9d7d-8007859b93ff','2d781eee-ee51-4e85-b2c4-367613b20958','1d7d47cc-9a57-4a03-acc2-b81201f8505e',1748304000000,2,'2025-05-20 13:32:15');
INSERT INTO Assignment VALUES('f036d96a-2ad7-4a9c-9e19-79b85996b19c','f5580b10-6b42-45ee-b33e-c25d8a0800a4','1d7d47cc-9a57-4a03-acc2-b81201f8505e',1747785600000,8,'2025-05-20 13:32:15');
INSERT INTO Assignment VALUES('302b0a64-fa5d-48e4-a33a-02bd31567001','f5580b10-6b42-45ee-b33e-c25d8a0800a4','1d7d47cc-9a57-4a03-acc2-b81201f8505e',1747612800000,8,'2025-05-20 13:32:15');
INSERT INTO Assignment VALUES('d2102326-2689-4aed-850c-1683e489dead','f5580b10-6b42-45ee-b33e-c25d8a0800a4','1d7d47cc-9a57-4a03-acc2-b81201f8505e',1747872000000,8,'2025-05-20 13:32:15');
INSERT INTO Assignment VALUES('0013013a-cec2-4401-a952-5c307c0347c0','f5580b10-6b42-45ee-b33e-c25d8a0800a4','1d7d47cc-9a57-4a03-acc2-b81201f8505e',1747958400000,8,'2025-05-20 13:32:15');
INSERT INTO Assignment VALUES('e96008ba-3e7d-4823-b54d-55407ebaa990','2d781eee-ee51-4e85-b2c4-367613b20958','1d7d47cc-9a57-4a03-acc2-b81201f8505e',1748217600000,8,'2025-05-20 13:32:15');
INSERT INTO Assignment VALUES('47fed9c7-b4d8-43f4-9117-77ddeac366c1','f5580b10-6b42-45ee-b33e-c25d8a0800a4','1d7d47cc-9a57-4a03-acc2-b81201f8505e',1747699200000,8,'2025-05-20 13:32:15');
INSERT INTO Assignment VALUES('24f2d5c4-c614-4755-baaf-4d31589b68a9','e368c233-ed5c-4c0a-9c8a-92337b909f53','1d7d47cc-9a57-4a03-acc2-b81201f8505e',1747872000000,8,'2025-05-20 13:32:15');
INSERT INTO Assignment VALUES('8f1eff57-7981-415b-ab27-5b1484d374a2','c3793d8f-6614-4ea0-9619-265bbcd93440','1d7d47cc-9a57-4a03-acc2-b81201f8505e',1747699200000,2,'2025-05-20 13:32:15');
INSERT INTO Assignment VALUES('c2a70407-da59-4df6-8e52-ff3c22085a7f','c3793d8f-6614-4ea0-9619-265bbcd93440','2b903f4c-7edf-4c99-9bb2-dfda0424d122',1747699200000,4,'2025-05-20 13:32:15');
INSERT INTO Assignment VALUES('cff2b38e-fb71-44fc-a3b0-04d1f5c8ce14','c3793d8f-6614-4ea0-9619-265bbcd93440','066a16f9-0eed-49df-abf4-11c5313ff087',1747785600000,6,'2025-05-20 13:32:15');
INSERT INTO Assignment VALUES('1e5fcb52-dfda-4e0f-b222-efd0c56ff040','17d5196a-8698-4273-9af4-02d6380ba5e8','e801cf5e-270e-4034-ba80-0dd56d9f6930',1747612800000,3,'2025-05-20 13:32:15');
INSERT INTO Assignment VALUES('0bfa9e31-ce03-4eef-96cb-cbc69c67c061','17d5196a-8698-4273-9af4-02d6380ba5e8','e801cf5e-270e-4034-ba80-0dd56d9f6930',1747872000000,3,'2025-05-20 13:32:15');
INSERT INTO Assignment VALUES('c0e15ebd-5366-416c-8228-da6ba484d066','17d5196a-8698-4273-9af4-02d6380ba5e8','e801cf5e-270e-4034-ba80-0dd56d9f6930',1747699200000,3,'2025-05-20 13:32:15');
INSERT INTO Assignment VALUES('6fa84d57-b9fa-4650-997b-af0d99c64675','17d5196a-8698-4273-9af4-02d6380ba5e8','e801cf5e-270e-4034-ba80-0dd56d9f6930',1747785600000,3,'2025-05-20 13:32:15');
INSERT INTO Assignment VALUES('b2f6c9d0-de91-4c69-be52-30df6d62b5ac','17d5196a-8698-4273-9af4-02d6380ba5e8','e801cf5e-270e-4034-ba80-0dd56d9f6930',1747958400000,3,'2025-05-20 13:32:15');
INSERT INTO Assignment VALUES('cb3c3504-bab9-4c45-91c3-35de926bf99f','17d5196a-8698-4273-9af4-02d6380ba5e8','eb831d6b-d8bc-4741-851e-c7e23c8e4e1c',1747612800000,4,'2025-05-20 13:32:15');
INSERT INTO Assignment VALUES('3c7cc7b4-486e-4bfe-a005-dc910ca79580','17d5196a-8698-4273-9af4-02d6380ba5e8','eb831d6b-d8bc-4741-851e-c7e23c8e4e1c',1747785600000,4,'2025-05-20 13:32:15');
INSERT INTO Assignment VALUES('97366d80-cb8a-417d-9b91-56039f6d49ad','17d5196a-8698-4273-9af4-02d6380ba5e8','eb831d6b-d8bc-4741-851e-c7e23c8e4e1c',1747699200000,4,'2025-05-20 13:32:15');
INSERT INTO Assignment VALUES('eac18480-4850-45d1-b04a-4c98e10c10ec','17d5196a-8698-4273-9af4-02d6380ba5e8','eb831d6b-d8bc-4741-851e-c7e23c8e4e1c',1747958400000,4,'2025-05-20 13:32:15');
INSERT INTO Assignment VALUES('0e548594-9ca7-43d3-a071-3dbf93737e97','17d5196a-8698-4273-9af4-02d6380ba5e8','eb831d6b-d8bc-4741-851e-c7e23c8e4e1c',1747872000000,4,'2025-05-20 13:32:15');
INSERT INTO Assignment VALUES('0d5d1151-65d4-4eba-b968-c9ba522b293e','cc60537f-00cf-4e7c-8224-2f9ffc84fba7','1f9216d5-cf7e-41bb-b4e1-f1a4d12f6c2a',1747612800000,8,'2025-05-20 13:32:15');
INSERT INTO Assignment VALUES('35532ec8-8942-47b3-84ca-05fe8645f688','ed266210-d1cd-4b7d-85b1-c413351bde48','1f9216d5-cf7e-41bb-b4e1-f1a4d12f6c2a',1747699200000,8,'2025-05-20 13:32:15');
INSERT INTO Assignment VALUES('e980fcfc-bbee-48a6-ad60-d9b77b890328','cc60537f-00cf-4e7c-8224-2f9ffc84fba7','1f9216d5-cf7e-41bb-b4e1-f1a4d12f6c2a',1747785600000,8,'2025-05-20 13:32:15');
INSERT INTO Assignment VALUES('d8605408-28a7-43ed-8ad4-dfeb692540ea','cc60537f-00cf-4e7c-8224-2f9ffc84fba7','1f9216d5-cf7e-41bb-b4e1-f1a4d12f6c2a',1747699200000,8,'2025-05-20 13:32:15');
INSERT INTO Assignment VALUES('1216dd0b-1401-40d6-806d-5d7f0a803d8d','ed266210-d1cd-4b7d-85b1-c413351bde48','1f9216d5-cf7e-41bb-b4e1-f1a4d12f6c2a',1747612800000,8,'2025-05-20 13:32:15');
INSERT INTO Assignment VALUES('d31bb74e-2682-46d7-b8da-a3880e34984e','ed266210-d1cd-4b7d-85b1-c413351bde48','1f9216d5-cf7e-41bb-b4e1-f1a4d12f6c2a',1747785600000,8,'2025-05-20 13:32:15');
INSERT INTO Assignment VALUES('056bacdd-5a0e-4d05-b3d0-9a6c40632b58','ed266210-d1cd-4b7d-85b1-c413351bde48','1f9216d5-cf7e-41bb-b4e1-f1a4d12f6c2a',1747872000000,8,'2025-05-20 13:32:15');
INSERT INTO Assignment VALUES('9124e346-1173-4403-89a2-d296dfb0553c','ed266210-d1cd-4b7d-85b1-c413351bde48','1f9216d5-cf7e-41bb-b4e1-f1a4d12f6c2a',1747958400000,8,'2025-05-20 13:32:15');
INSERT INTO Assignment VALUES('5b21da69-5ddf-40de-927a-76aa0a8f8a10','cc60537f-00cf-4e7c-8224-2f9ffc84fba7','1f9216d5-cf7e-41bb-b4e1-f1a4d12f6c2a',1747872000000,1,'2025-05-20 13:32:15');
INSERT INTO Assignment VALUES('4c7bb6ca-6e37-401a-bf96-8cc845c975ec','3ae5d84c-dd99-4aef-a603-5a189c3f788c','1f9216d5-cf7e-41bb-b4e1-f1a4d12f6c2a',1747699200000,8,'2025-05-20 13:32:15');
INSERT INTO Assignment VALUES('299052a2-9309-49fb-a425-3c3c856e4106','3ae5d84c-dd99-4aef-a603-5a189c3f788c','1f9216d5-cf7e-41bb-b4e1-f1a4d12f6c2a',1747785600000,8,'2025-05-20 13:32:15');
INSERT INTO Assignment VALUES('b6ea31ec-98de-49d5-8d7e-f323503269d5','3ae5d84c-dd99-4aef-a603-5a189c3f788c','1f9216d5-cf7e-41bb-b4e1-f1a4d12f6c2a',1747958400000,8,'2025-05-20 13:32:15');
INSERT INTO Assignment VALUES('1826acd2-7e57-485c-a15d-cb2e474f39b9','3ae5d84c-dd99-4aef-a603-5a189c3f788c','1f9216d5-cf7e-41bb-b4e1-f1a4d12f6c2a',1747872000000,8,'2025-05-20 13:32:15');
INSERT INTO Assignment VALUES('32ea1784-0702-4558-ae4d-24a8d0960d90','3ae5d84c-dd99-4aef-a603-5a189c3f788c','1f9216d5-cf7e-41bb-b4e1-f1a4d12f6c2a',1748217600000,8,'2025-05-20 13:32:15');
INSERT INTO Assignment VALUES('83fea92d-fcdf-4829-980e-4a3ba787b916','3ae5d84c-dd99-4aef-a603-5a189c3f788c','1f9216d5-cf7e-41bb-b4e1-f1a4d12f6c2a',1748304000000,7,'2025-05-20 13:32:15');
INSERT INTO Assignment VALUES('063c0f2c-0161-400c-b7f2-1892ec01728d','7c4e8230-2d3d-4665-9a38-6eeeaaec9222','1f9216d5-cf7e-41bb-b4e1-f1a4d12f6c2a',1747785600000,8,'2025-05-20 13:32:15');
INSERT INTO Assignment VALUES('aa81f366-eea9-4a1f-8950-a2e5f71f4a7b','3ae5d84c-dd99-4aef-a603-5a189c3f788c','1f9216d5-cf7e-41bb-b4e1-f1a4d12f6c2a',1747612800000,8,'2025-05-20 13:32:15');
INSERT INTO Assignment VALUES('f3693d29-db05-4cfb-b9e7-702e1dbd0c53','c0c58301-1f85-4c93-a07e-0316f5efb84e','1f9216d5-cf7e-41bb-b4e1-f1a4d12f6c2a',1747612800000,8,'2025-05-20 13:32:15');
INSERT INTO Assignment VALUES('d4d50492-2f78-4273-a83c-27c7664764d0','7c4e8230-2d3d-4665-9a38-6eeeaaec9222','1f9216d5-cf7e-41bb-b4e1-f1a4d12f6c2a',1747612800000,8,'2025-05-20 13:32:15');
INSERT INTO Assignment VALUES('30f83215-84c5-4533-989b-86f1895b0f4c','c0c58301-1f85-4c93-a07e-0316f5efb84e','1f9216d5-cf7e-41bb-b4e1-f1a4d12f6c2a',1747699200000,8,'2025-05-20 13:32:15');
INSERT INTO Assignment VALUES('1cb3a7cf-e673-42b3-b7ac-7dc9f8969ba7','c0c58301-1f85-4c93-a07e-0316f5efb84e','1f9216d5-cf7e-41bb-b4e1-f1a4d12f6c2a',1747785600000,8,'2025-05-20 13:32:15');
INSERT INTO Assignment VALUES('932b26e9-d1b6-46a2-a0cc-eb0e0db909bf','7c4e8230-2d3d-4665-9a38-6eeeaaec9222','1f9216d5-cf7e-41bb-b4e1-f1a4d12f6c2a',1747699200000,8,'2025-05-20 13:32:15');
INSERT INTO Assignment VALUES('223d2d5d-0f24-432a-841b-208d7ea9d987','c0c58301-1f85-4c93-a07e-0316f5efb84e','1f9216d5-cf7e-41bb-b4e1-f1a4d12f6c2a',1747872000000,8,'2025-05-20 13:32:15');
INSERT INTO Assignment VALUES('440f39d9-844b-423e-8bc3-2305322cce9c','c0c58301-1f85-4c93-a07e-0316f5efb84e','1f9216d5-cf7e-41bb-b4e1-f1a4d12f6c2a',1747958400000,8,'2025-05-20 13:32:15');
INSERT INTO Assignment VALUES('479226d6-b226-4ea1-920c-807cf21b6a89','b6ba687d-0724-4645-a456-8728ebacfb43','1f9216d5-cf7e-41bb-b4e1-f1a4d12f6c2a',1747612800000,8,'2025-05-20 13:32:15');
INSERT INTO Assignment VALUES('dad7f73c-4dab-4cd5-95c9-542a566b35d5','b6ba687d-0724-4645-a456-8728ebacfb43','1f9216d5-cf7e-41bb-b4e1-f1a4d12f6c2a',1747699200000,7,'2025-05-20 13:32:15');
INSERT INTO Assignment VALUES('e3b06f6d-ef7c-471c-9de8-f816bde51e68','39ff741b-7c4a-4749-a1e8-b8a837e8808d','1f9216d5-cf7e-41bb-b4e1-f1a4d12f6c2a',1747612800000,8,'2025-05-20 13:32:15');
INSERT INTO Assignment VALUES('fec502a0-d608-471d-8300-10ad9ae5298d','39ff741b-7c4a-4749-a1e8-b8a837e8808d','1f9216d5-cf7e-41bb-b4e1-f1a4d12f6c2a',1747699200000,8,'2025-05-20 13:32:15');
INSERT INTO Assignment VALUES('648bbd01-ffb9-4c54-a7e5-983535fe177f','39ff741b-7c4a-4749-a1e8-b8a837e8808d','1f9216d5-cf7e-41bb-b4e1-f1a4d12f6c2a',1747785600000,8,'2025-05-20 13:32:15');
INSERT INTO Assignment VALUES('4e5a3fb6-7a2c-4820-acba-45a5bb15b3a5','39ff741b-7c4a-4749-a1e8-b8a837e8808d','1f9216d5-cf7e-41bb-b4e1-f1a4d12f6c2a',1747958400000,8,'2025-05-20 13:32:15');
INSERT INTO Assignment VALUES('0f4796c3-23c5-4dc2-b36b-565633a42600','6eb9716b-ee5e-4c6a-8624-bb40961dc8e7','1f9216d5-cf7e-41bb-b4e1-f1a4d12f6c2a',1747612800000,8,'2025-05-20 13:32:15');
INSERT INTO Assignment VALUES('e5114729-5386-4ec4-b559-30482d66d473','6eb9716b-ee5e-4c6a-8624-bb40961dc8e7','1f9216d5-cf7e-41bb-b4e1-f1a4d12f6c2a',1747872000000,8,'2025-05-20 13:32:15');
INSERT INTO Assignment VALUES('5d6c68fe-a48b-430d-86f5-fc3ab45cb525','6eb9716b-ee5e-4c6a-8624-bb40961dc8e7','1f9216d5-cf7e-41bb-b4e1-f1a4d12f6c2a',1747785600000,8,'2025-05-20 13:32:15');
INSERT INTO Assignment VALUES('d98b3778-e7b9-41b9-a002-e251393bc371','6eb9716b-ee5e-4c6a-8624-bb40961dc8e7','1f9216d5-cf7e-41bb-b4e1-f1a4d12f6c2a',1747958400000,8,'2025-05-20 13:32:15');
INSERT INTO Assignment VALUES('4e577613-fe4b-4b8b-a4ac-2154652c7a22','0f14c09f-3bec-405e-98de-c90e546fa6e4','1f9216d5-cf7e-41bb-b4e1-f1a4d12f6c2a',1747612800000,8,'2025-05-20 13:32:15');
INSERT INTO Assignment VALUES('398c0175-4670-4ce8-a03e-29ab142bef9c','39ff741b-7c4a-4749-a1e8-b8a837e8808d','1f9216d5-cf7e-41bb-b4e1-f1a4d12f6c2a',1747872000000,8,'2025-05-20 13:32:15');
INSERT INTO Assignment VALUES('809b6cfc-6560-4db4-8864-c84ecf03b1ad','0f14c09f-3bec-405e-98de-c90e546fa6e4','1f9216d5-cf7e-41bb-b4e1-f1a4d12f6c2a',1747699200000,8,'2025-05-20 13:32:15');
INSERT INTO Assignment VALUES('2f0631f0-44e0-4e65-a113-7926ce1ce9ec','0f14c09f-3bec-405e-98de-c90e546fa6e4','1f9216d5-cf7e-41bb-b4e1-f1a4d12f6c2a',1747785600000,4,'2025-05-20 13:32:15');
INSERT INTO Assignment VALUES('4a8afbd0-4c51-47df-9fb8-5a621d5cfc54','6eb9716b-ee5e-4c6a-8624-bb40961dc8e7','1f9216d5-cf7e-41bb-b4e1-f1a4d12f6c2a',1747699200000,8,'2025-05-20 13:32:15');
INSERT INTO Assignment VALUES('02b4bc25-052f-46bf-8d1e-7b2579150461','7c4e8230-2d3d-4665-9a38-6eeeaaec9222','1f9216d5-cf7e-41bb-b4e1-f1a4d12f6c2a',1747872000000,6,'2025-05-20 13:32:15');
INSERT INTO Assignment VALUES('4e7f46c6-a896-4941-a50e-8529c56cb20f','a91b5570-fe2f-4380-ba71-248e3d5ef2eb','eb831d6b-d8bc-4741-851e-c7e23c8e4e1c',1748217600000,8,1747750252710);
INSERT INTO Assignment VALUES('0853ee86-38a1-4dc3-81e1-1d5164edc151','a91b5570-fe2f-4380-ba71-248e3d5ef2eb','eb831d6b-d8bc-4741-851e-c7e23c8e4e1c',1748304000000,8,1747750252719);
INSERT INTO Assignment VALUES('6f7289ed-15cc-48c5-b363-3fcbbc523ed3','a91b5570-fe2f-4380-ba71-248e3d5ef2eb','eb831d6b-d8bc-4741-851e-c7e23c8e4e1c',1748390400000,6,1747750252720);
INSERT INTO Assignment VALUES('bafb3790-7104-4906-b0e6-c98ca34b494a','a91b5570-fe2f-4380-ba71-248e3d5ef2eb','eb831d6b-d8bc-4741-851e-c7e23c8e4e1c',1748476800000,2,1747750252722);
INSERT INTO Assignment VALUES('e79acab1-200b-4fa9-bc2e-1e6533bda2c8','17f7007d-3821-4e05-919e-77f824c363b4','eb831d6b-d8bc-4741-851e-c7e23c8e4e1c',1748217600000,8,1747750252723);
INSERT INTO Assignment VALUES('14bbad99-ccad-4594-94bd-0f2e2b094161','17f7007d-3821-4e05-919e-77f824c363b4','eb831d6b-d8bc-4741-851e-c7e23c8e4e1c',1748304000000,8,1747750252724);
INSERT INTO Assignment VALUES('4167c83c-b8af-459c-b514-5d822b564d23','17f7007d-3821-4e05-919e-77f824c363b4','eb831d6b-d8bc-4741-851e-c7e23c8e4e1c',1748390400000,8,1747750252725);
INSERT INTO Assignment VALUES('2784078b-843f-4606-8649-a526f2632115','17f7007d-3821-4e05-919e-77f824c363b4','eb831d6b-d8bc-4741-851e-c7e23c8e4e1c',1748476800000,8,1747750252726);
INSERT INTO Assignment VALUES('3cf8a3b8-f728-4546-a392-7bfa5995e181','a82325d6-6bac-4bfb-a049-4e2480237f96','eb831d6b-d8bc-4741-851e-c7e23c8e4e1c',1748217600000,8,1747750252727);
INSERT INTO Assignment VALUES('3a1ad07d-4917-473f-a7a1-488ea8e16791','a82325d6-6bac-4bfb-a049-4e2480237f96','eb831d6b-d8bc-4741-851e-c7e23c8e4e1c',1748304000000,2,1747750252727);
INSERT INTO Assignment VALUES('291fa79f-b71c-4e84-9859-31c21078b935','a82325d6-6bac-4bfb-a049-4e2480237f96','eb831d6b-d8bc-4741-851e-c7e23c8e4e1c',1748476800000,8,1747750252729);
INSERT INTO Assignment VALUES('6245b935-c051-435d-b741-cd975d3f6342','d110edfe-bd70-4fb3-9aff-3dd523ee6372','eb831d6b-d8bc-4741-851e-c7e23c8e4e1c',1748822400000,8,1747750303762);
INSERT INTO Assignment VALUES('63ff6e4c-29b9-4f53-ba10-610bcc782d0f','cc60537f-00cf-4e7c-8224-2f9ffc84fba7','eb831d6b-d8bc-4741-851e-c7e23c8e4e1c',1748822400000,8,1747750303765);
INSERT INTO Assignment VALUES('a327998b-8178-4b01-a24b-f664ca052ba4','ed266210-d1cd-4b7d-85b1-c413351bde48','eb831d6b-d8bc-4741-851e-c7e23c8e4e1c',1748822400000,8,1747750303766);
INSERT INTO Assignment VALUES('f8c0a874-27d5-4de9-994c-fe07ba710ceb','d110edfe-bd70-4fb3-9aff-3dd523ee6372','eb831d6b-d8bc-4741-851e-c7e23c8e4e1c',1748908800000,8,1747750303767);
INSERT INTO Assignment VALUES('3b59c9fa-7425-4c2c-be26-f22e51aa5278','cc60537f-00cf-4e7c-8224-2f9ffc84fba7','eb831d6b-d8bc-4741-851e-c7e23c8e4e1c',1748908800000,8,1747750303768);
INSERT INTO Assignment VALUES('6f8350c0-32c1-43a3-bef5-5aba2e3ca4c6','ed266210-d1cd-4b7d-85b1-c413351bde48','eb831d6b-d8bc-4741-851e-c7e23c8e4e1c',1748908800000,8,1747750303769);
INSERT INTO Assignment VALUES('9a947eeb-65a5-478c-8e4c-27b8d886952a','3ae5d84c-dd99-4aef-a603-5a189c3f788c','eb831d6b-d8bc-4741-851e-c7e23c8e4e1c',1748822400000,4,1747757864253);
INSERT INTO Assignment VALUES('dbe58f4d-79ab-47c8-ad92-5de742a48e59','3ae5d84c-dd99-4aef-a603-5a189c3f788c','066a16f9-0eed-49df-abf4-11c5313ff087',1748822400000,2,1747757864259);
INSERT INTO Assignment VALUES('39512bc7-2b0b-44da-94ae-983eb03036a9','6eb9716b-ee5e-4c6a-8624-bb40961dc8e7','eb831d6b-d8bc-4741-851e-c7e23c8e4e1c',1748822400000,4,1747757935757);
INSERT INTO Assignment VALUES('3faf5936-be1b-4fda-ba45-d179789377e4','6eb9716b-ee5e-4c6a-8624-bb40961dc8e7','066a16f9-0eed-49df-abf4-11c5313ff087',1748822400000,2,1747757935759);
INSERT INTO Assignment VALUES('8d32f09a-96ee-44a7-8b44-0e20ce51f7fe','cc60537f-00cf-4e7c-8224-2f9ffc84fba7','b7be1ad4-63d2-4e3b-9edb-09fc92c7377a',1747958400000,5,1747768822162);
INSERT INTO Assignment VALUES('22e1cb2d-a6fb-4aa7-8b89-5b7637536d65','cc60537f-00cf-4e7c-8224-2f9ffc84fba7','066a16f9-0eed-49df-abf4-11c5313ff087',1747958400000,2,1747768822168);
INSERT INTO Assignment VALUES('95d32aa1-5135-418b-b312-72752a41431a','d110edfe-bd70-4fb3-9aff-3dd523ee6372','eb831d6b-d8bc-4741-851e-c7e23c8e4e1c',1748217600000,2,1747812416482);
INSERT INTO Assignment VALUES('8474446c-e514-46ea-b885-6cfd6d753b10','d110edfe-bd70-4fb3-9aff-3dd523ee6372','066a16f9-0eed-49df-abf4-11c5313ff087',1748217600000,3,1747812416503);
INSERT INTO Assignment VALUES('aaacf84b-1dae-4160-a614-66f1fc1f336d','cc60537f-00cf-4e7c-8224-2f9ffc84fba7','b7be1ad4-63d2-4e3b-9edb-09fc92c7377a',1748217600000,3,1747813065153);
INSERT INTO Assignment VALUES('f326b452-45e3-442d-8845-2fbe85de6bae','cc60537f-00cf-4e7c-8224-2f9ffc84fba7','bbb3db63-27d7-484e-a62b-ef1739daacbb',1748217600000,3,1747813065159);
INSERT INTO Assignment VALUES('96f9fa7b-eb8b-4a3f-8201-7c2c6b351a00','ed266210-d1cd-4b7d-85b1-c413351bde48','b7be1ad4-63d2-4e3b-9edb-09fc92c7377a',1748217600000,3,1747813163582);
INSERT INTO Assignment VALUES('cc67b9bf-338b-4254-9c45-1281ca775b3a','ed266210-d1cd-4b7d-85b1-c413351bde48','066a16f9-0eed-49df-abf4-11c5313ff087',1748217600000,3,1747813163587);
INSERT INTO Assignment VALUES('54bc21c6-dd7c-410e-b060-dedd5ce817f0','cc60537f-00cf-4e7c-8224-2f9ffc84fba7','b7be1ad4-63d2-4e3b-9edb-09fc92c7377a',1748217600000,3,1747813179584);
INSERT INTO Assignment VALUES('7ed20bd3-e597-4712-9ae7-a1b1c9af6e68','cc60537f-00cf-4e7c-8224-2f9ffc84fba7','066a16f9-0eed-49df-abf4-11c5313ff087',1748217600000,3,1747813179587);
INSERT INTO Assignment VALUES('b8520aaf-c12c-44f4-8664-5b4da6a27a53','7c4e8230-2d3d-4665-9a38-6eeeaaec9222','b7be1ad4-63d2-4e3b-9edb-09fc92c7377a',1748908800000,3,1747831850163);
INSERT INTO Assignment VALUES('06834e9b-650b-4b57-806f-b9d59911952b','7c4e8230-2d3d-4665-9a38-6eeeaaec9222','b7be1ad4-63d2-4e3b-9edb-09fc92c7377a',1748822400000,3,1747831869943);
INSERT INTO Assignment VALUES('429f1e9d-632b-4ee0-b92c-8d7de96834c4','1efa6cb7-d248-4af5-8ed7-c0feb0b1ef72','f7e109fc-e110-4ba6-a083-09bc0bc30e18',1747612800000,3,1747932669266);
INSERT INTO Assignment VALUES('60898a2b-851c-454c-b6ed-badc049a1ab4','b6ba687d-0724-4645-a456-8728ebacfb43','b7be1ad4-63d2-4e3b-9edb-09fc92c7377a',1747785600000,8,1747981978555);
INSERT INTO Assignment VALUES('816d4a8c-e46b-4a22-b488-57b0ad28e059','d110edfe-bd70-4fb3-9aff-3dd523ee6372','b7be1ad4-63d2-4e3b-9edb-09fc92c7377a',1748304000000,3,1747983300066);
INSERT INTO Assignment VALUES('8a8e52c6-5001-4734-95af-0c1c66652b3d','cc60537f-00cf-4e7c-8224-2f9ffc84fba7','1f9216d5-cf7e-41bb-b4e1-f1a4d12f6c2a',1748390400000,4,1747983314952);
INSERT INTO Assignment VALUES('2f240b23-fbce-49fd-a75a-1b2a48e52571','d110edfe-bd70-4fb3-9aff-3dd523ee6372','066a16f9-0eed-49df-abf4-11c5313ff087',1748390400000,3,1747987104991);
INSERT INTO Assignment VALUES('30269231-72d9-436b-aae2-6d01d79af2b3','3ae5d84c-dd99-4aef-a603-5a189c3f788c','066a16f9-0eed-49df-abf4-11c5313ff087',1748390400000,3,1747987395073);
INSERT INTO Assignment VALUES('04f5d2a8-9c65-4ccb-a178-328388ca848c','7c4e8230-2d3d-4665-9a38-6eeeaaec9222','066a16f9-0eed-49df-abf4-11c5313ff087',1748390400000,3,1747987665240);
INSERT INTO Assignment VALUES('c8758f82-83f5-4e97-8c5c-d9b509f20ba5','c0c58301-1f85-4c93-a07e-0316f5efb84e','b7be1ad4-63d2-4e3b-9edb-09fc92c7377a',1748304000000,5,1747987697033);
INSERT INTO Assignment VALUES('e33e8caf-0493-4ba0-a03b-72f6e29645cb','c0c58301-1f85-4c93-a07e-0316f5efb84e','b7be1ad4-63d2-4e3b-9edb-09fc92c7377a',1748390400000,5,1747987725785);
INSERT INTO Assignment VALUES('ca5e6213-c65e-4edf-8ce5-3fcfb74d2658','c0c58301-1f85-4c93-a07e-0316f5efb84e','b7be1ad4-63d2-4e3b-9edb-09fc92c7377a',1748563200000,3,1747988301352);
INSERT INTO Assignment VALUES('133ab5d4-e35b-44a1-a41a-302361de58c3','cc60537f-00cf-4e7c-8224-2f9ffc84fba7','1f9216d5-cf7e-41bb-b4e1-f1a4d12f6c2a',1748649600000,4,1747988358718);
INSERT INTO Assignment VALUES('3a82abd3-c4fd-4071-a531-a9a9a5ab5ead','7c4e8230-2d3d-4665-9a38-6eeeaaec9222','1f9216d5-cf7e-41bb-b4e1-f1a4d12f6c2a',1748736000000,3,1747988369366);
INSERT INTO Assignment VALUES('4a63dfa7-0caf-4f21-8150-4b2be14190c7','3ae5d84c-dd99-4aef-a603-5a189c3f788c','1f9216d5-cf7e-41bb-b4e1-f1a4d12f6c2a',1748908800000,3,1747988417687);
INSERT INTO Assignment VALUES('09bb4e6f-7d1c-46ac-92e2-b58a403e7c9a','d110edfe-bd70-4fb3-9aff-3dd523ee6372','1f9216d5-cf7e-41bb-b4e1-f1a4d12f6c2a',1748995200000,3,1747988428441);
INSERT INTO Assignment VALUES('9fe4f1a4-63bd-40b9-939c-8f2c423e50ec','39ff741b-7c4a-4749-a1e8-b8a837e8808d','1f9216d5-cf7e-41bb-b4e1-f1a4d12f6c2a',1749081600000,3,1747988465884);
INSERT INTO Assignment VALUES('b57057a9-fee5-4a35-9d8d-0bf74975749e','6eb9716b-ee5e-4c6a-8624-bb40961dc8e7','1f9216d5-cf7e-41bb-b4e1-f1a4d12f6c2a',1749254400000,2,1747988696779);
INSERT INTO Assignment VALUES('1abeb74c-5384-4108-93dc-8735100908ed','6eb9716b-ee5e-4c6a-8624-bb40961dc8e7','1f9216d5-cf7e-41bb-b4e1-f1a4d12f6c2a',1749340800000,2,1747988713436);
INSERT INTO Assignment VALUES('282440de-6bc0-4156-957f-7db9ff9996e7','6eb9716b-ee5e-4c6a-8624-bb40961dc8e7','066a16f9-0eed-49df-abf4-11c5313ff087',1749340800000,3,1747988713437);
INSERT INTO Assignment VALUES('615e40c7-a497-45c4-9343-122b28c2efe9','ed266210-d1cd-4b7d-85b1-c413351bde48','b7be1ad4-63d2-4e3b-9edb-09fc92c7377a',1748304000000,5,1747988808702);
INSERT INTO Assignment VALUES('e79b9b61-a2c4-40c5-b10a-3d0f51482fb4','ed266210-d1cd-4b7d-85b1-c413351bde48','066a16f9-0eed-49df-abf4-11c5313ff087',1748304000000,2,1747988808704);
INSERT INTO Assignment VALUES('fcdb7e7c-94b3-4360-9822-c696e0e04908','7c4e8230-2d3d-4665-9a38-6eeeaaec9222','b7be1ad4-63d2-4e3b-9edb-09fc92c7377a',1748304000000,5,1747988904569);
INSERT INTO Assignment VALUES('e025187b-9fa5-40d5-a901-4ba357cd3d21','7c4e8230-2d3d-4665-9a38-6eeeaaec9222','eb831d6b-d8bc-4741-851e-c7e23c8e4e1c',1748304000000,2,1747988904572);
INSERT INTO Assignment VALUES('1f67a785-42e2-455b-a702-74e86c66bdf6','0f14c09f-3bec-405e-98de-c90e546fa6e4','1f9216d5-cf7e-41bb-b4e1-f1a4d12f6c2a',1749427200000,4,1747989085017);
INSERT INTO Assignment VALUES('3a31ddd4-98f1-42b2-a57e-1d5c06dd2017','7c4e8230-2d3d-4665-9a38-6eeeaaec9222','b7be1ad4-63d2-4e3b-9edb-09fc92c7377a',1748217600000,3,1748008341855);
COMMIT;
